pc,address,size,direction
000914,0fb006,1,W
00091a,0fb006,1,W
000c40,0fb017,1,R
000c48,0fb016,1,R
000c6e,0fb016,1,W
000cbe,0fb016,1,W
000ce2,0fb014,1,W
000cfa,0fb014,1,W
000d0e,0fb016,1,W
000d16,0fb016,1,W
000d1a,0fb014,1,W
000d22,0fb016,1,W
000d2a,0fb016,1,W
000d30,0fb014,1,W
000d36,0fb014,1,R
000d36,0fb014,1,W
000d44,0fb014,1,W
000d4a,0fb014,1,R
000d4a,0fb014,1,W
000d5a,0fb014,1,W
000d64,0fb016,1,W
000d68,0fb016,1,W
000d6c,0fb014,1,W
000d78,0fb016,1,W
000d7c,0fb016,1,W
000e9a,0fb018,1,R
000ea0,0fb01a,1,R
000ea6,0fb01c,1,R
0011b8,0fb014,1,R
0011b8,0fb018,1,R
0011b8,0fb01c,1,R
0011bc,0fb016,1,R
0011bc,0fb01a,1,R
0011bc,0fb01e,1,R
0011c6,0fb014,1,W
0011c6,0fb018,1,W
0011c6,0fb01c,1,W
0011c8,0fb016,1,W
0011c8,0fb01a,1,W
0011c8,0fb01e,1,W
0011cc,0fb014,1,R
0011cc,0fb018,1,R
0011cc,0fb01c,1,R
0011d0,0fb016,1,R
0011d0,0fb01a,1,R
0011d0,0fb01e,1,R
0011d6,0fb015,1,W
0011d6,0fb019,1,W
0011d6,0fb01d,1,W
0011dc,0fb017,1,W
0011dc,0fb01b,1,W
0011dc,0fb01f,1,W
0011e2,0fb016,1,R
0011e2,0fb01a,1,R
0011e2,0fb01e,1,R
001346,0fb01e,1,W
001362,0fb01e,1,W
00137c,0fb01e,1,W
0013e2,0fb01e,1,W
0013e6,0fb01e,1,W
0014d8,0fb016,1,W
0014e0,0fb016,1,W
001528,0fb016,1,W
001530,0fb016,1,W
0016b4,0fb002,1,R
0016ce,0fb003,1,W
0016da,0fb002,1,W
0016ea,0fb002,1,R
0016f0,0fb002,1,R
0016f6,0fb002,1,R
00170e,0fb003,1,W
001718,0fb002,1,W
001720,0fb003,1,R
001a24,0fb002,1,W
001a2a,0fb006,1,W
001a30,0fb00a,1,W
001a36,0fb002,1,W
001a3c,0fb00a,1,W
001a42,0fb015,1,W
001a46,0fb017,1,W
001a4a,0fb019,1,W
001a4e,0fb01b,1,W
001a52,0fb01d,1,W
001a56,0fb01f,1,W
001a5a,0fb014,1,W
001a60,0fb016,1,W
001a66,0fb018,1,W
001a6a,0fb01a,1,W
001a6e,0fb01c,1,W
001a74,0fb01e,1,W
001a7a,0fb015,1,W
001a80,0fb017,1,W
001a86,0fb019,1,W
001a8c,0fb01b,1,W
001a92,0fb01d,1,W
001a98,0fb01f,1,W
001a9e,0fb015,1,R
001aa2,0fb017,1,R
001aa6,0fb019,1,R
001aaa,0fb01b,1,R
001aae,0fb01d,1,R
001ab2,0fb01f,1,R
001ab6,0fb01c,1,R
001ac6,0fb01a,1,R
001af2,0fb01e,1,W
001af8,0fb01c,1,W
001cca,0fb01c,1,R
001cca,0fb01c,1,W
001cf2,0fb01c,1,R
001cf2,0fb01c,1,W
001d06,0fb01c,1,R
001d06,0fb01c,1,W
001d4c,0f6002,2,W
001d52,0f6002,2,W
001d58,0f6002,2,W
001d5e,0f6002,2,W
001d90,0f6000,1,W
001d94,0f6002,1,R
001d98,0f6002,1,W
001d9e,0f6000,1,W
001dae,0f6000,1,W
001db2,0f6002,1,W
001dc4,0f6000,1,W
001dc8,0f6000,1,R
001dd2,0f6002,2,R
001ddc,0f6002,2,W
001de2,0f6000,1,R
001de8,0f6002,2,R
001e02,0f6002,2,W
001e08,0f6002,2,W
001e4c,0f6002,2,W
001e52,0f6002,2,W
001e56,0f6002,2,W
001e5c,0f6002,2,W
001f36,0fb002,1,W
001f3c,0fb006,1,W
001f42,0fb01b,1,W
001f46,0fb01a,1,W
001f4a,0fb01b,1,W
001f50,0fb01a,1,R
00200e,0fb014,1,W
002014,0fb016,1,R
002014,0fb016,1,W
00201a,0fb016,1,R
00201a,0fb016,1,W
002020,0fb015,1,W
002024,0fb014,1,W
002028,0fb015,1,W
00202e,0fb016,1,R
00202e,0fb016,1,W
002034,0fb014,1,R
00203c,0fb015,1,W
002040,0fb014,1,W
002046,0fb015,1,W
00204c,0fb016,1,R
00204c,0fb016,1,W
002052,0fb014,1,W
002058,0fb016,1,R
002058,0fb016,1,W
00205e,0fb016,1,R
00205e,0fb016,1,W
002064,0fb015,1,W
002068,0fb014,1,W
00206c,0fb015,1,W
002072,0fb016,1,R
002072,0fb016,1,W
002078,0fb014,1,R
0020ac,0fb01f,1,W
0020b2,0fb01e,1,R
0020b2,0fb01e,1,W
0020be,0fb01f,1,R
002108,0fb017,1,W
00210e,0fb016,1,R
00210e,0fb016,1,W
002118,0fb017,1,R
00236c,0f6000,1,R
0023a4,0f6000,1,R
00246a,0fb01e,1,W
002472,0fb01e,1,W
002840,0f6000,1,W
002844,0f6002,1,R
002848,0f6002,1,W
00284e,0f6000,1,W
002852,0f6002,1,R
00285a,0f6002,1,W
00285e,0f6000,1,W
002862,0f6002,2,W
002868,0f6000,1,W
00286c,0f6002,1,W
002872,0f6000,1,W
002876,0f6002,1,W
002892,0f6000,1,W
002896,0f6002,1,R
00289a,0f6002,1,W
0028a0,0f6000,1,W
0028a4,0f6002,1,R
0028ac,0f6002,1,W
0028b0,0f6000,1,W
0028b4,0f6002,2,W
0028ba,0f6000,1,W
0028be,0f6002,1,W
0029dc,0f6000,1,W
0029e0,0f6002,1,R
0029e4,0f6002,1,W
0029fc,0f6000,1,W
002a02,0f6002,2,W
002a08,0f6002,2,W
002a0c,0f6000,1,W
002a10,0f6002,1,W
002b0e,0f6000,1,W
002b12,0f6002,1,W
002b18,0f6000,1,W
002b1c,0f6002,1,W
002b22,0f6002,1,W
002b28,0f6002,1,W
002b2e,0f6002,1,W
002b34,0f6002,2,W
002b3a,0f6002,1,W
002b40,0f6002,1,W
002b46,0f6002,2,W
002b4c,0f6002,2,W
002b52,0f6002,2,W
002b58,0f6002,2,W
002b5e,0f6002,1,W
002b64,0f6002,1,W
002b6a,0f6002,2,W
002b70,0f6002,2,W
002b76,0f6002,2,W
002b7c,0f6002,2,W
002b82,0f6002,2,W
002b88,0f6000,1,W
002b8c,0f6002,2,W
002b92,0f6002,1,W
002b98,0f6002,1,W
002b9e,0f6002,1,W
002ba4,0f6002,1,W
002baa,0f6002,2,W
002bb0,0f6002,2,W
002bb6,0f6002,1,W
002bbc,0f6002,1,W
002bc2,0f6002,1,W
002bc8,0f6002,1,W
002bce,0f6002,2,W
002bd4,0f6002,2,W
002bda,0f6002,1,W
002be0,0f6002,1,W
002be6,0f6002,1,W
002bec,0f6002,1,W
002bf2,0f6002,2,W
002bf8,0f6002,2,W
002bfe,0f6002,1,W
002c04,0f6002,1,W
002c0a,0f6002,1,W
002c10,0f6002,1,W
002c16,0f6002,2,W
002c1c,0f6002,2,W
002c22,0f6002,2,W
002c28,0f6002,2,W
002c2e,0f6002,2,W
002c34,0f6002,1,W
002c3a,0f6002,1,W
002c40,0f6002,1,W
002c46,0f6000,1,W
002c4a,0f6002,1,W
002c50,0f6000,1,W
002c54,0f6002,1,W
002c5a,0f6000,1,W
002c5e,0f6002,1,W
002c64,0f6000,1,W
002c68,0f6002,1,W
002c6e,0f6000,1,W
002c72,0f6002,1,W
002c78,0f6000,1,W
002c7c,0f6002,1,W
002c82,0f6000,1,W
002c8a,0f6002,2,W
002c90,0f6002,2,W
002c96,0f6002,2,W
002c9c,0f6002,2,W
002ca2,0f6002,2,W
002ca8,0f6002,2,W
002cae,0f6002,2,W
002cb4,0f6002,2,W
002cbe,0f6002,2,W
002cc4,0f6002,2,W
002cca,0f6002,2,W
002cd0,0f6002,2,W
002cd6,0f6002,2,W
002cdc,0f6002,2,W
002ce2,0f6002,2,W
002ce8,0f6002,2,W
002cf2,0f6002,2,W
002cf8,0f6002,2,W
002cfe,0f6002,2,W
002d04,0f6002,2,W
002d0a,0f6002,2,W
002d10,0f6002,2,W
002d16,0f6002,2,W
002d1c,0f6002,2,W
002d26,0f6002,2,W
002d2c,0f6002,2,W
002d32,0f6002,2,W
002d38,0f6002,2,W
002d3e,0f6002,2,W
002d44,0f6002,2,W
002d4a,0f6002,2,W
002d54,0f6002,2,W
002d5a,0f6002,2,W
002d60,0f6002,2,W
002d6a,0f6002,2,W
002d70,0f6002,2,W
002d76,0f6002,2,W
002d7c,0f6002,2,W
002d86,0f6002,2,W
002d8c,0f6002,2,W
002d92,0f6002,2,W
002d98,0f6002,2,W
002d9e,0f6002,2,W
002da4,0f6002,2,W
002daa,0f6002,2,W
002db2,0f6002,2,W
002db8,0f6002,2,W
002dbe,0f6002,2,W
002dc4,0f6002,2,W
002dca,0f6002,2,W
002dd0,0f6002,2,W
002dd6,0f6002,2,W
002dde,0f6002,2,W
002de4,0f6002,2,W
002dea,0f6002,2,W
002df0,0f6002,2,W
002df6,0f6002,2,W
002dfc,0f6002,2,W
002e02,0f6002,2,W
002e08,0f6002,2,W
002e1e,0f6000,1,R
002e30,0f6000,1,R
002e36,0f6000,1,W
002e58,0f6000,1,R
002e5e,0f6002,2,W
002e70,0f6000,1,W
002e74,0f6002,1,W
002e7a,0f6000,1,W
002e82,0f6000,1,W
002eb2,0f6000,1,W
002eb6,0f6002,1,W
002ebc,0f6000,1,W
005b1a,0f6000,1,W
005b1e,0f6002,1,R
005b22,0f6002,1,W
005b26,0f6000,1,W
005b2a,0f6002,1,W
005b2e,0f6000,1,W
005b32,0f6002,1,W
005ba6,0f6000,1,W
005baa,0f6002,1,R
005bae,0f6002,1,W
005bb4,0f6000,1,W
005bc0,0f6002,2,R
005bc8,0f6002,2,W
005bce,0f6002,2,W
005bd4,0f6002,2,W
005bda,0f6002,2,W
005be0,0f6002,2,W
005be6,0f6002,2,W
005bf0,0f6002,2,W
005bf6,0f6002,2,W
005bfc,0f6002,2,W
005c02,0f6002,2,W
005c08,0f6002,2,W
005c0e,0f6002,2,W
005c18,0f6002,2,W
005c1e,0f6002,2,W
005c24,0f6002,2,W
005c2a,0f6002,2,W
005c30,0f6002,2,W
005c3c,0f6002,2,W
005c42,0f6002,2,W
005c48,0f6002,2,W
005c4e,0f6002,2,W
005c54,0f6002,2,W
005c6e,0f6000,1,W
005c72,0f6002,1,W
005c80,0f6000,1,R
005c98,0f6000,1,R
005c9e,0f6002,2,R
00b3e2,0fb01c,1,R
010fc0,0f6002,2,W
010fc6,0f6000,1,R
010fcc,0f6002,1,R
011016,0f6002,2,W
01101c,0f6002,2,W
011020,0f6002,2,W
011026,0f6002,2,W
011038,0f6000,1,W
01103c,0f6002,1,R
011040,0f6000,1,R
016df6,0fb01e,1,W
01e4e4,0f6000,1,W
01e4ec,0f6002,1,R
01e4f2,0f6002,1,W
01e4fa,0f6000,1,W
01e502,0f6002,2,W
01e508,0f6000,1,W
01e510,0f6002,1,W
01e516,0f6000,1,W
01e51e,0f6002,1,R
01e528,0f6002,1,W
01e52e,0f6000,1,W
01e536,0f6002,1,W
01e546,0f6000,1,W
01e54e,0f6002,1,R
01e554,0f6002,1,W
01e55c,0f6000,1,W
01e564,0f6002,1,R
01e56e,0f6002,1,W
01e574,0f6000,1,W
01e57c,0f6002,1,W
01e764,0f6000,1,W
01e76c,0f6002,1,R
01e772,0f6002,1,W
01e77a,0f6000,1,W
01e782,0f6002,2,W
01e788,0f6002,2,W
01e78e,0f6000,1,W
01e796,0f6002,1,W
02545c,0fb006,1,W
025e9e,0fb006,1,W
