pc,length,operation,size,source_ea,source_register,source_extension,dest_ea,dest_register,dest_extension
000914,6,move,1,immediate,-1,2,displacement,3,4
00091a,6,move,1,immediate,-1,2,displacement,3,4
000c40,4,move,1,displacement,3,2,data,0,-1
000c48,4,move,1,displacement,3,2,data,0,-1
000c6e,4,move,1,data,1,-1,displacement,3,2
000cbe,4,move,1,data,1,-1,displacement,3,2
000ce2,4,move,1,data,2,-1,displacement,3,2
000cfa,4,move,1,data,2,-1,displacement,3,2
000d0e,4,move,1,data,1,-1,displacement,3,2
000d16,4,move,1,data,1,-1,displacement,3,2
000d1a,4,move,1,data,0,-1,displacement,3,2
000d22,4,move,1,data,1,-1,displacement,3,2
000d2a,4,move,1,data,1,-1,displacement,3,2
000d30,6,move,1,displacement,6,2,displacement,3,4
000d36,6,or,1,immediate,-1,2,displacement,3,4
000d44,6,move,1,displacement,6,2,displacement,3,4
000d4a,6,and,1,immediate,-1,2,displacement,3,4
000d5a,4,move,1,data,0,-1,displacement,3,2
000d64,4,move,1,data,1,-1,displacement,3,2
000d68,4,move,1,data,3,-1,displacement,3,2
000d6c,4,move,1,data,2,-1,displacement,3,2
000d78,4,move,1,data,1,-1,displacement,3,2
000d7c,4,move,1,data,3,-1,displacement,3,2
000e9a,4,move,1,displacement,3,2,data,0,-1
000ea0,4,move,1,displacement,3,2,data,0,-1
000ea6,4,move,1,displacement,3,2,data,0,-1
0011b8,2,test,1,none,-1,-1,indirect,0,-1
0011bc,4,test,1,none,-1,-1,displacement,0,2
0011c6,2,move,1,data,0,-1,indirect,0,-1
0011c8,4,move,1,data,0,-1,displacement,0,2
0011cc,2,compare,1,indirect,0,-1,data,0,-1
0011d0,4,compare,1,displacement,0,2,data,0,-1
0011d6,6,move,1,immediate,-1,2,displacement,0,4
0011dc,6,move,1,immediate,-1,2,displacement,0,4
0011e2,4,test,1,none,-1,-1,displacement,0,2
001346,4,move,1,data,4,-1,displacement,3,2
001362,4,clear,1,none,-1,-1,displacement,3,2
00137c,4,move,1,data,4,-1,displacement,3,2
0013e2,4,move,1,data,4,-1,displacement,3,2
0013e6,6,move,1,displacement,6,2,displacement,3,4
0014d8,2,move,1,data,0,-1,indirect,3,-1
0014e0,2,move,1,data,0,-1,indirect,3,-1
001528,2,move,1,data,0,-1,indirect,3,-1
001530,2,move,1,data,0,-1,indirect,3,-1
0016b4,4,bit_test,1,immediate,-1,2,indirect,1,-1
0016ce,4,move,1,postincrement,2,-1,displacement,1,2
0016da,2,move,1,data,0,-1,indirect,1,-1
0016ea,4,bit_test,1,immediate,-1,2,indirect,1,-1
0016f0,4,bit_test,1,immediate,-1,2,indirect,1,-1
0016f6,4,bit_test,1,immediate,-1,2,indirect,1,-1
00170e,4,move,1,postincrement,2,-1,displacement,1,2
001718,2,move,1,data,1,-1,indirect,1,-1
001720,4,move,1,displacement,1,2,data,2,-1
001a24,6,move,1,immediate,-1,2,displacement,3,4
001a2a,6,move,1,immediate,-1,2,displacement,3,4
001a30,6,move,1,immediate,-1,2,displacement,3,4
001a36,6,move,1,immediate,-1,2,displacement,3,4
001a3c,6,move,1,immediate,-1,2,displacement,3,4
001a42,4,clear,1,none,-1,-1,displacement,3,2
001a46,4,clear,1,none,-1,-1,displacement,3,2
001a4a,4,clear,1,none,-1,-1,displacement,3,2
001a4e,4,clear,1,none,-1,-1,displacement,3,2
001a52,4,clear,1,none,-1,-1,displacement,3,2
001a56,4,clear,1,none,-1,-1,displacement,3,2
001a5a,6,move,1,immediate,-1,2,displacement,3,4
001a60,6,move,1,immediate,-1,2,displacement,3,4
001a66,4,clear,1,none,-1,-1,displacement,3,2
001a6a,4,clear,1,none,-1,-1,displacement,3,2
001a6e,6,move,1,immediate,-1,2,displacement,3,4
001a74,6,move,1,immediate,-1,2,displacement,3,4
001a7a,6,move,1,immediate,-1,2,displacement,3,4
001a80,6,move,1,immediate,-1,2,displacement,3,4
001a86,6,move,1,immediate,-1,2,displacement,3,4
001a8c,6,move,1,immediate,-1,2,displacement,3,4
001a92,6,move,1,immediate,-1,2,displacement,3,4
001a98,6,move,1,immediate,-1,2,displacement,3,4
001a9e,4,move,1,displacement,3,2,data,0,-1
001aa2,4,move,1,displacement,3,2,data,0,-1
001aa6,4,move,1,displacement,3,2,data,0,-1
001aaa,4,move,1,displacement,3,2,data,0,-1
001aae,4,move,1,displacement,3,2,data,0,-1
001ab2,4,move,1,displacement,3,2,data,0,-1
001ab6,4,move,1,displacement,3,2,data,0,-1
001ac6,4,move,1,displacement,3,2,data,0,-1
001af2,6,move,1,immediate,-1,2,displacement,3,4
001af8,4,clear,1,none,-1,-1,displacement,3,2
001cca,6,or,1,immediate,-1,2,displacement,3,4
001cf2,6,or,1,immediate,-1,2,displacement,3,4
001d06,6,and,1,immediate,-1,2,displacement,3,4
001d4c,6,move,2,immediate,-1,2,displacement,0,4
001d52,6,move,2,immediate,-1,2,displacement,0,4
001d58,6,move,2,immediate,-1,2,displacement,0,4
001d5e,6,move,2,immediate,-1,2,displacement,0,4
001d90,4,move,1,immediate,-1,2,indirect,0,-1
001d94,4,move,1,displacement,0,2,data,0,-1
001d98,6,move,1,immediate,-1,2,displacement,0,4
001d9e,4,move,1,immediate,-1,2,indirect,0,-1
001dae,4,move,1,immediate,-1,2,indirect,0,-1
001db2,4,move,1,data,0,-1,displacement,0,2
001dc4,4,move,1,immediate,-1,2,indirect,0,-1
001dc8,4,bit_test,1,immediate,-1,2,indirect,0,-1
001dd2,4,move,2,displacement,0,2,data,2,-1
001ddc,6,move,2,immediate,-1,2,displacement,0,4
001de2,4,bit_test,1,immediate,-1,2,indirect,0,-1
001de8,4,move,2,displacement,0,2,data,0,-1
001e02,6,move,2,immediate,-1,2,displacement,0,4
001e08,4,move,2,data,1,-1,displacement,0,2
001e4c,6,move,2,immediate,-1,2,displacement,0,4
001e52,4,move,2,data,3,-1,displacement,0,2
001e56,6,move,2,immediate,-1,2,displacement,0,4
001e5c,4,move,2,data,2,-1,displacement,0,2
001f36,6,move,1,immediate,-1,2,displacement,3,4
001f3c,6,move,1,immediate,-1,2,displacement,3,4
001f42,4,clear,1,none,-1,-1,displacement,3,2
001f46,4,clear,1,none,-1,-1,displacement,3,2
001f4a,6,move,1,immediate,-1,2,displacement,3,4
001f50,4,move,1,displacement,3,2,data,0,-1
00200e,6,move,1,immediate,-1,2,displacement,3,4
002014,6,or,1,immediate,-1,2,displacement,3,4
00201a,6,and,1,immediate,-1,2,displacement,3,4
002020,4,clear,1,none,-1,-1,displacement,3,2
002024,4,clear,1,none,-1,-1,displacement,3,2
002028,6,move,1,immediate,-1,2,displacement,3,4
00202e,6,or,1,immediate,-1,2,displacement,3,4
002034,6,compare,1,immediate,-1,2,displacement,3,4
00203c,4,clear,1,none,-1,-1,displacement,3,2
002040,6,move,1,immediate,-1,2,displacement,3,4
002046,6,move,1,immediate,-1,2,displacement,3,4
00204c,6,and,1,immediate,-1,2,displacement,3,4
002052,6,move,1,immediate,-1,2,displacement,3,4
002058,6,or,1,immediate,-1,2,displacement,3,4
00205e,6,and,1,immediate,-1,2,displacement,3,4
002064,4,clear,1,none,-1,-1,displacement,3,2
002068,4,clear,1,none,-1,-1,displacement,3,2
00206c,6,move,1,immediate,-1,2,displacement,3,4
002072,6,or,1,immediate,-1,2,displacement,3,4
002078,6,compare,1,immediate,-1,2,displacement,3,4
0020ac,6,move,1,immediate,-1,2,displacement,3,4
0020b2,6,move,1,displacement,3,2,displacement,3,4
0020be,6,bit_test,1,immediate,-1,2,displacement,3,4
002108,6,move,1,immediate,-1,2,displacement,3,4
00210e,6,move,1,displacement,3,2,displacement,3,4
002118,6,bit_test,1,immediate,-1,2,displacement,3,4
00236c,4,bit_test,1,immediate,-1,2,indirect,4,-1
0023a4,4,bit_test,1,immediate,-1,2,indirect,4,-1
00246a,6,move,1,displacement,6,2,displacement,3,4
002472,6,move,1,indexed,4,2,displacement,3,4
002840,4,move,1,immediate,-1,2,indirect,0,-1
002844,4,move,1,displacement,0,2,data,2,-1
002848,6,move,1,immediate,-1,2,displacement,0,4
00284e,4,move,1,immediate,-1,2,indirect,0,-1
002852,4,move,1,displacement,0,2,data,0,-1
00285a,4,move,1,data,0,-1,displacement,0,2
00285e,4,move,1,immediate,-1,2,indirect,0,-1
002862,6,move,2,immediate,-1,2,displacement,0,4
002868,4,move,1,immediate,-1,2,indirect,0,-1
00286c,6,move,1,immediate,-1,2,displacement,0,4
002872,4,move,1,immediate,-1,2,indirect,0,-1
002876,4,move,1,data,2,-1,displacement,0,2
002892,4,move,1,immediate,-1,2,indirect,0,-1
002896,4,move,1,displacement,0,2,data,1,-1
00289a,6,move,1,immediate,-1,2,displacement,0,4
0028a0,4,move,1,immediate,-1,2,indirect,0,-1
0028a4,4,move,1,displacement,0,2,data,0,-1
0028ac,4,move,1,data,0,-1,displacement,0,2
0028b0,4,move,1,immediate,-1,2,indirect,0,-1
0028b4,6,move,2,immediate,-1,2,displacement,0,4
0028ba,4,move,1,immediate,-1,2,indirect,0,-1
0028be,4,move,1,data,1,-1,displacement,0,2
002b0e,4,move,1,immediate,-1,2,indirect,0,-1
002b12,6,move,1,immediate,-1,2,displacement,0,4
002b18,4,move,1,immediate,-1,2,indirect,0,-1
002b1c,6,move,1,immediate,-1,2,displacement,0,4
002b22,6,move,1,immediate,-1,2,displacement,0,4
002b28,6,move,1,immediate,-1,2,displacement,0,4
002b2e,6,move,1,immediate,-1,2,displacement,0,4
002b34,6,move,2,immediate,-1,2,displacement,0,4
002b3a,6,move,1,immediate,-1,2,displacement,0,4
002b40,6,move,1,immediate,-1,2,displacement,0,4
002b46,6,move,2,immediate,-1,2,displacement,0,4
002b4c,6,move,2,immediate,-1,2,displacement,0,4
002b52,6,move,2,immediate,-1,2,displacement,0,4
002b58,6,move,2,immediate,-1,2,displacement,0,4
002b5e,6,move,1,immediate,-1,2,displacement,0,4
002b64,6,move,1,immediate,-1,2,displacement,0,4
002b6a,6,move,2,immediate,-1,2,displacement,0,4
002b70,6,move,2,immediate,-1,2,displacement,0,4
002b76,6,move,2,immediate,-1,2,displacement,0,4
002b7c,6,move,2,immediate,-1,2,displacement,0,4
002b82,6,move,2,immediate,-1,2,displacement,0,4
002b88,4,move,1,immediate,-1,2,indirect,0,-1
002b8c,6,move,2,immediate,-1,2,displacement,0,4
002b92,6,move,1,immediate,-1,2,displacement,0,4
002b98,6,move,1,immediate,-1,2,displacement,0,4
002b9e,6,move,1,immediate,-1,2,displacement,0,4
002ba4,6,move,1,immediate,-1,2,displacement,0,4
002baa,6,move,2,immediate,-1,2,displacement,0,4
002bb0,6,move,2,immediate,-1,2,displacement,0,4
002bb6,6,move,1,immediate,-1,2,displacement,0,4
002bbc,6,move,1,immediate,-1,2,displacement,0,4
002bc2,6,move,1,immediate,-1,2,displacement,0,4
002bc8,6,move,1,immediate,-1,2,displacement,0,4
002bce,6,move,2,immediate,-1,2,displacement,0,4
002bd4,6,move,2,immediate,-1,2,displacement,0,4
002bda,6,move,1,immediate,-1,2,displacement,0,4
002be0,6,move,1,immediate,-1,2,displacement,0,4
002be6,6,move,1,immediate,-1,2,displacement,0,4
002bec,6,move,1,immediate,-1,2,displacement,0,4
002bf2,6,move,2,immediate,-1,2,displacement,0,4
002bf8,6,move,2,immediate,-1,2,displacement,0,4
002bfe,6,move,1,immediate,-1,2,displacement,0,4
002c04,6,move,1,immediate,-1,2,displacement,0,4
002c0a,6,move,1,immediate,-1,2,displacement,0,4
002c10,6,move,1,immediate,-1,2,displacement,0,4
002c16,6,move,2,immediate,-1,2,displacement,0,4
002c1c,6,move,2,immediate,-1,2,displacement,0,4
002c22,6,move,2,immediate,-1,2,displacement,0,4
002c28,6,move,2,immediate,-1,2,displacement,0,4
002c2e,6,move,2,immediate,-1,2,displacement,0,4
002c34,6,move,1,immediate,-1,2,displacement,0,4
002c3a,6,move,1,immediate,-1,2,displacement,0,4
002c40,6,move,1,immediate,-1,2,displacement,0,4
002c46,4,move,1,immediate,-1,2,indirect,0,-1
002c4a,6,move,1,immediate,-1,2,displacement,0,4
002c50,4,move,1,immediate,-1,2,indirect,0,-1
002c54,6,move,1,immediate,-1,2,displacement,0,4
002c5a,4,move,1,immediate,-1,2,indirect,0,-1
002c5e,6,move,1,immediate,-1,2,displacement,0,4
002c64,4,move,1,immediate,-1,2,indirect,0,-1
002c68,6,move,1,immediate,-1,2,displacement,0,4
002c6e,4,move,1,immediate,-1,2,indirect,0,-1
002c72,6,move,1,immediate,-1,2,displacement,0,4
002c78,4,move,1,immediate,-1,2,indirect,0,-1
002c7c,6,move,1,immediate,-1,2,displacement,0,4
002c82,4,move,1,immediate,-1,2,indirect,0,-1
002c8a,6,move,2,immediate,-1,2,displacement,0,4
002c90,6,move,2,immediate,-1,2,displacement,0,4
002c96,6,move,2,immediate,-1,2,displacement,0,4
002c9c,6,move,2,immediate,-1,2,displacement,0,4
002ca2,6,move,2,immediate,-1,2,displacement,0,4
002ca8,6,move,2,immediate,-1,2,displacement,0,4
002cae,6,move,2,immediate,-1,2,displacement,0,4
002cb4,6,move,2,immediate,-1,2,displacement,0,4
002cbe,6,move,2,immediate,-1,2,displacement,0,4
002cc4,6,move,2,immediate,-1,2,displacement,0,4
002cca,6,move,2,immediate,-1,2,displacement,0,4
002cd0,6,move,2,immediate,-1,2,displacement,0,4
002cd6,6,move,2,immediate,-1,2,displacement,0,4
002cdc,6,move,2,immediate,-1,2,displacement,0,4
002ce2,6,move,2,immediate,-1,2,displacement,0,4
002ce8,6,move,2,immediate,-1,2,displacement,0,4
002cf2,6,move,2,immediate,-1,2,displacement,0,4
002cf8,6,move,2,immediate,-1,2,displacement,0,4
002cfe,6,move,2,immediate,-1,2,displacement,0,4
002d04,6,move,2,immediate,-1,2,displacement,0,4
002d0a,6,move,2,immediate,-1,2,displacement,0,4
002d10,6,move,2,immediate,-1,2,displacement,0,4
002d16,6,move,2,immediate,-1,2,displacement,0,4
002d1c,6,move,2,immediate,-1,2,displacement,0,4
002d26,6,move,2,immediate,-1,2,displacement,0,4
002d2c,6,move,2,immediate,-1,2,displacement,0,4
002d32,6,move,2,immediate,-1,2,displacement,0,4
002d38,6,move,2,immediate,-1,2,displacement,0,4
002d3e,6,move,2,immediate,-1,2,displacement,0,4
002d44,6,move,2,immediate,-1,2,displacement,0,4
002d4a,6,move,2,immediate,-1,2,displacement,0,4
002d54,6,move,2,immediate,-1,2,displacement,0,4
002d5a,6,move,2,immediate,-1,2,displacement,0,4
002d60,6,move,2,immediate,-1,2,displacement,0,4
002d6a,6,move,2,immediate,-1,2,displacement,0,4
002d70,6,move,2,immediate,-1,2,displacement,0,4
002d76,6,move,2,immediate,-1,2,displacement,0,4
002d7c,6,move,2,immediate,-1,2,displacement,0,4
002d86,6,move,2,immediate,-1,2,displacement,0,4
002d8c,6,move,2,immediate,-1,2,displacement,0,4
002d92,6,move,2,immediate,-1,2,displacement,0,4
002d98,6,move,2,immediate,-1,2,displacement,0,4
002d9e,6,move,2,immediate,-1,2,displacement,0,4
002da4,6,move,2,immediate,-1,2,displacement,0,4
002daa,6,move,2,immediate,-1,2,displacement,0,4
002db2,6,move,2,immediate,-1,2,displacement,0,4
002db8,6,move,2,immediate,-1,2,displacement,0,4
002dbe,6,move,2,immediate,-1,2,displacement,0,4
002dc4,6,move,2,immediate,-1,2,displacement,0,4
002dca,6,move,2,immediate,-1,2,displacement,0,4
002dd0,6,move,2,immediate,-1,2,displacement,0,4
002dd6,6,move,2,immediate,-1,2,displacement,0,4
002dde,6,move,2,immediate,-1,2,displacement,0,4
002de4,6,move,2,immediate,-1,2,displacement,0,4
002dea,6,move,2,immediate,-1,2,displacement,0,4
002df0,6,move,2,immediate,-1,2,displacement,0,4
002df6,6,move,2,immediate,-1,2,displacement,0,4
002dfc,6,move,2,displacement,6,2,displacement,0,4
002e02,6,move,2,immediate,-1,2,displacement,0,4
002e08,6,move,2,immediate,-1,2,displacement,0,4
002e1e,4,bit_test,1,immediate,-1,2,indirect,0,-1
002e30,4,bit_test,1,immediate,-1,2,indirect,0,-1
002e36,4,move,1,immediate,-1,2,indirect,0,-1
002e58,4,bit_test,1,immediate,-1,2,indirect,0,-1
002e5e,4,move,2,postincrement,1,-1,displacement,0,2
002e70,4,move,1,immediate,-1,2,indirect,0,-1
002e74,6,move,1,immediate,-1,2,displacement,0,4
002e7a,4,move,1,immediate,-1,2,indirect,0,-1
002e82,4,move,1,immediate,-1,2,indirect,0,-1
002eb2,4,move,1,immediate,-1,2,indirect,0,-1
002eb6,6,move,1,immediate,-1,2,displacement,0,4
002ebc,4,move,1,immediate,-1,2,indirect,0,-1
005b1a,4,move,1,immediate,-1,2,indirect,0,-1
005b1e,4,move,1,displacement,0,2,data,1,-1
005b22,4,clear,1,none,-1,-1,displacement,0,2
005b26,4,move,1,immediate,-1,2,indirect,0,-1
005b2a,4,move,1,data,0,-1,displacement,0,2
005b2e,4,move,1,immediate,-1,2,indirect,0,-1
005b32,4,move,1,data,1,-1,displacement,0,2
005ba6,4,move,1,immediate,-1,2,indirect,0,-1
005baa,4,move,1,displacement,0,2,data,2,-1
005bae,6,move,1,immediate,-1,2,displacement,0,4
005bb4,4,move,1,immediate,-1,2,indirect,0,-1
005bc0,4,move,2,displacement,0,2,data,0,-1
005bc8,6,move,2,immediate,-1,2,displacement,0,4
005bce,6,move,2,immediate,-1,2,displacement,0,4
005bd4,6,move,2,immediate,-1,2,displacement,0,4
005bda,6,move,2,immediate,-1,2,displacement,0,4
005be0,6,move,2,immediate,-1,2,displacement,0,4
005be6,6,move,2,immediate,-1,2,displacement,0,4
005bf0,6,move,2,immediate,-1,2,displacement,0,4
005bf6,6,move,2,immediate,-1,2,displacement,0,4
005bfc,6,move,2,immediate,-1,2,displacement,0,4
005c02,6,move,2,immediate,-1,2,displacement,0,4
005c08,6,move,2,immediate,-1,2,displacement,0,4
005c0e,6,move,2,immediate,-1,2,displacement,0,4
005c18,6,move,2,immediate,-1,2,displacement,0,4
005c1e,6,move,2,immediate,-1,2,displacement,0,4
005c24,6,move,2,immediate,-1,2,displacement,0,4
005c2a,6,move,2,immediate,-1,2,displacement,0,4
005c30,6,move,2,immediate,-1,2,displacement,0,4
005c3c,6,move,2,immediate,-1,2,displacement,0,4
005c42,6,move,2,immediate,-1,2,displacement,0,4
005c48,6,move,2,immediate,-1,2,displacement,0,4
005c4e,6,move,2,immediate,-1,2,displacement,0,4
005c54,6,move,2,immediate,-1,2,displacement,0,4
005c6e,4,move,1,immediate,-1,2,indirect,0,-1
005c72,4,move,1,data,2,-1,displacement,0,2
005c80,4,bit_test,1,immediate,-1,2,indirect,0,-1
005c98,4,bit_test,1,immediate,-1,2,indirect,0,-1
005c9e,4,move,2,displacement,0,2,data,0,-1
00b3e2,4,move,1,displacement,3,2,data,2,-1
010fc0,6,move,2,immediate,-1,2,displacement,0,4
010fc6,4,bit_test,1,immediate,-1,2,indirect,0,-1
010fcc,4,move,1,displacement,0,2,data,0,-1
011016,6,move,2,immediate,-1,2,displacement,0,4
01101c,4,move,2,data,3,-1,displacement,0,2
011020,6,move,2,immediate,-1,2,displacement,0,4
011026,4,move,2,data,2,-1,displacement,0,2
011038,4,move,1,immediate,-1,2,indirect,0,-1
01103c,4,test,1,none,-1,-1,displacement,0,2
011040,4,bit_test,1,immediate,-1,2,indirect,0,-1
016df6,4,move,1,data,1,-1,displacement,3,2
01e4e4,8,move,1,immediate,-1,2,absolute_long,-1,4
01e4ec,6,move,1,absolute_long,-1,2,data,3,-1
01e4f2,8,move,1,immediate,-1,2,absolute_long,-1,4
01e4fa,8,move,1,immediate,-1,2,absolute_long,-1,4
01e502,6,move,2,data,1,-1,absolute_long,-1,2
01e508,8,move,1,immediate,-1,2,absolute_long,-1,4
01e510,6,move,1,data,0,-1,absolute_long,-1,2
01e516,8,move,1,immediate,-1,2,absolute_long,-1,4
01e51e,6,move,1,absolute_long,-1,2,data,4,-1
01e528,6,move,1,data,4,-1,absolute_long,-1,2
01e52e,8,move,1,immediate,-1,2,absolute_long,-1,4
01e536,6,move,1,data,3,-1,absolute_long,-1,2
01e546,8,move,1,immediate,-1,2,absolute_long,-1,4
01e54e,6,move,1,absolute_long,-1,2,data,4,-1
01e554,8,move,1,immediate,-1,2,absolute_long,-1,4
01e55c,8,move,1,immediate,-1,2,absolute_long,-1,4
01e564,6,move,1,absolute_long,-1,2,data,3,-1
01e56e,6,move,1,data,3,-1,absolute_long,-1,2
01e574,8,move,1,immediate,-1,2,absolute_long,-1,4
01e57c,6,move,1,data,4,-1,absolute_long,-1,2
01e764,8,move,1,immediate,-1,2,absolute_long,-1,4
01e76c,6,move,1,absolute_long,-1,2,data,3,-1
01e772,8,move,1,immediate,-1,2,absolute_long,-1,4
01e77a,8,move,1,immediate,-1,2,absolute_long,-1,4
01e782,6,move,2,data,0,-1,absolute_long,-1,2
01e788,6,move,2,data,1,-1,absolute_long,-1,2
01e78e,8,move,1,immediate,-1,2,absolute_long,-1,4
01e796,6,move,1,data,3,-1,absolute_long,-1,2
02545c,4,move,1,displacement,6,2,indirect,0,-1
025e9e,4,move,1,displacement,6,2,indirect,0,-1
