offset,kind
000000,ram
000004,rom
000008,rom
00000c,rom
000010,rom
000014,rom
000018,rom
00001c,rom
000020,rom
000024,rom
000028,rom
00002c,rom
000060,rom
000068,rom
000074,rom
00007c,rom
000080,rom
000084,rom
000088,rom
00008c,rom
000094,rom
00009c,rom
0000a0,rom
0000a4,rom
0000a8,rom
0000ac,rom
0000b0,rom
0000b4,rom
0000b8,rom
0000bc,rom
000100,rom
000104,rom
000108,rom
00010c,rom
000110,rom
000114,rom
000118,rom
00011c,rom
000872,ram_addend
000882,ram_addend
000892,ram_addend
0013f0,ram
001b04,device
001d3e,device
001d8c,device
001daa,device
001dc0,device
001dfc,device
002294,rom
002364,device
0023a0,device
0025f8,device
00288e,device
002b0a,device
002e2c,device
002eae,device
005b16,device
005ba2,device
010fae,device
010fe6,device
011034,device
011704,ram
01170c,ram
01e4e8,device
01e4ee,device
01e4f6,device
01e4fe,device
01e504,device
01e50c,device
01e512,device
01e51a,device
01e520,device
01e52a,device
01e532,device
01e538,device
01e54a,device
01e550,device
01e558,device
01e560,device
01e566,device
01e570,device
01e578,device
01e57e,device
01e768,device
01e76e,device
01e776,device
01e77e,device
01e784,device
01e78a,device
01e792,device
01e798,device
